Tx,Ty
300.0,300.00457217098506
400.0,400.2104925499425
500.0,502.4572442826054
600.0,612.9930647988366
700.0,742.5744787393442
800.0,902.7063384810854
900.0,1101.5918658930418
